model,source,feature_extraction_ms,inference_ms,total_ms
Random Forest,saved,14.2234000377357,35.71079997345805,49.93420001119375
Random Forest,saved,13.657100033015013,35.06249992642552,48.71959995944053
Random Forest,saved,13.411400024779141,34.37680006027222,47.78820008505136
Random Forest,saved,13.544399989768863,30.7281999848783,44.272599974647164
Random Forest,saved,11.887500062584877,33.25159999076277,45.13910005334765
Random Forest,saved,11.563099920749664,22.23760006017983,33.800699980929494
Random Forest,saved,11.242399923503399,22.17840007506311,33.42079999856651
Random Forest,saved,11.185399955138564,20.416000043042004,31.601399998180568
Random Forest,saved,10.934299905784428,21.73250005580485,32.66679996158928
Random Forest,saved,11.648999992758036,22.772599942982197,34.42159993574023
Random Forest,saved,13.019599951803684,23.95200007595122,36.9716000277549
Random Forest,saved,13.71639990247786,32.50680002383888,46.22319992631674
Random Forest,saved,12.187200016342103,23.588899988681078,35.77610000502318
Random Forest,saved,12.315499945543706,22.500300081446767,34.81580002699047
Random Forest,saved,13.881899998523295,19.804400042630732,33.68630004115403
Random Forest,saved,14.046099968254566,22.429200005717576,36.47529997397214
Random Forest,saved,12.757200049236417,22.505000000819564,35.26220005005598
Random Forest,saved,13.789999997243285,22.775499965064228,36.56549996230751
Random Forest,saved,10.951800039038062,22.43450004607439,33.38630008511245
Random Forest,saved,11.05000008828938,21.209599915891886,32.259600004181266
Random Forest,saved,14.202899998053908,37.68780000973493,51.89070000778884
Random Forest,saved,14.882799936458468,35.69090005476028,50.573699991218746
Random Forest,saved,17.83979998435825,41.212899959646165,59.05269994400442
Random Forest,saved,15.748300007544458,20.370000042021275,36.11830004956573
Random Forest,saved,11.404099990613759,20.510900067165494,31.915000057779253
Random Forest,saved,10.859299916774035,21.473900065757334,32.33319998253137
Random Forest,saved,10.692899930290878,20.55420004762709,31.24709997791797
Random Forest,saved,11.267800000496209,21.72459999565035,32.99239999614656
Random Forest,saved,11.413200059905648,21.91709994804114,33.33030000794679
Random Forest,saved,14.946900075301528,26.795499958097935,41.74240003339946
Random Forest,saved,12.083999929018319,21.425300044938922,33.50929997395724
Random Forest,saved,12.88689998909831,37.32849995139986,50.21539994049817
Random Forest,saved,13.463800074532628,34.147299942560494,47.61110001709312
Random Forest,saved,11.554299970157444,22.33810001052916,33.892399980686605
Random Forest,saved,10.677499929443002,23.495899979025126,34.17339990846813
Random Forest,saved,10.310800047591329,19.811499980278313,30.122300027869642
Random Forest,saved,11.196999927051365,20.55999997537583,31.756999902427197
Random Forest,saved,11.056500021368265,17.71539996843785,28.771899989806116
Random Forest,saved,11.179000022821128,21.124999970197678,32.303999993018806
Random Forest,saved,10.543199954554439,20.979300024919212,31.52249997947365
Random Forest,saved,11.092899949289858,20.01520001795143,31.108099967241287
Random Forest,saved,10.716099990531802,19.725400023162365,30.441500013694167
Random Forest,saved,11.828599963337183,20.22529998794198,32.05389995127916
Random Forest,saved,18.351700040511787,49.265399924479425,67.61709996499121
Random Forest,saved,16.87559997662902,41.04679997544736,57.922399952076375
Random Forest,saved,17.710200045257807,36.73319995868951,54.44340000394732
Random Forest,saved,15.461300034075975,24.624499958008528,40.0857999920845
Random Forest,saved,16.179500031284988,38.32870000042021,54.5082000317052
Random Forest,saved,18.988700001500547,40.4476000694558,59.43630007095635
Random Forest,saved,20.663499948568642,37.90360002312809,58.567099971696734
Random Forest,saved,16.946999938227236,36.5357999689877,53.48279990721494
Random Forest,saved,15.506100025959313,35.27430002577603,50.78040005173534
Random Forest,saved,15.725700068287551,38.46589999739081,54.19160006567836
Random Forest,saved,15.220199944451451,35.08460009470582,50.30480003915727
Random Forest,saved,16.458500060252845,38.79250003956258,55.25100009981543
Random Forest,saved,15.567800030112267,23.882700013928115,39.45050004404038
Random Forest,saved,13.71369999833405,25.066499947570264,38.780199945904315
Random Forest,saved,15.400100033730268,36.53439995832741,51.93449999205768
Random Forest,saved,15.160299954004586,33.839100040495396,48.99939999449998
Random Forest,saved,14.274999964982271,21.504199947230518,35.77919991221279
Random Forest,saved,13.107500039041042,35.614000051282346,48.72150009032339
Random Forest,saved,13.326100073754787,21.815899992361665,35.14200006611645
Random Forest,saved,12.97289994545281,22.677800036035478,35.65069998148829
Random Forest,saved,12.320499983616173,34.13659997750074,46.45709996111691
Random Forest,saved,14.56869998946786,36.09189996495843,50.66059995442629
Random Forest,saved,13.57149996329099,33.73230004217476,47.303800005465746
Random Forest,saved,11.501699918881059,22.77799998410046,34.27969990298152
Random Forest,saved,14.574400032870471,24.007400032132864,38.581800065003335
Random Forest,saved,11.813999968580902,20.54559998214245,32.35959995072335
Random Forest,saved,10.577899985946715,19.77050001733005,30.348400003276765
Random Forest,saved,10.346499970182776,20.308799925260246,30.655299895443022
Random Forest,saved,10.689500020816922,21.173299988731742,31.862800009548664
Random Forest,saved,10.529099963605404,19.58830002695322,30.117399990558624
Random Forest,saved,10.979800019413233,20.916400011628866,31.8962000310421
Random Forest,saved,15.736900037154555,35.80299997702241,51.539900014176965
Random Forest,saved,15.837899991311133,22.303599980659783,38.141499971970916
Random Forest,saved,14.349799952469766,22.524400032125413,36.87419998459518
Random Forest,saved,15.285099972970784,20.919600035995245,36.20470000896603
Random Forest,saved,11.090100044384599,33.43539999332279,44.52550003770739
Random Forest,saved,11.21140003670007,23.84799998253584,35.05940001923591
Random Forest,saved,11.63199997972697,23.318700026720762,34.95070000644773
Random Forest,saved,11.165200034156442,23.73550005722791,34.90070009138435
Random Forest,saved,12.2575000859797,37.751799914985895,50.009300000965595
Random Forest,saved,14.47379996534437,36.971200024709105,51.444999990053475
Random Forest,saved,15.047900029458106,34.307399997487664,49.35530002694577
Random Forest,saved,13.735900050960481,36.843699985183775,50.57960003614426
Random Forest,saved,16.771399998106062,37.71900001447648,54.49040001258254
Random Forest,saved,27.583499904721975,42.651700088754296,70.23519999347627
Random Forest,saved,19.677800009958446,41.45340004470199,61.13120005466044
Random Forest,saved,16.12699998077005,38.80470001604408,54.93169999681413
Random Forest,saved,13.835999998264015,36.10949998255819,49.945499980822206
Random Forest,saved,12.856799992732704,36.123800091445446,48.98060008417815
Random Forest,saved,13.705400051549077,37.0767000131309,50.78210006467998
Random Forest,saved,13.211300014518201,27.77879999484867,40.99010000936687
Random Forest,saved,13.672000030055642,25.010499986819923,38.682500016875565
Random Forest,saved,13.110799947753549,38.13810006249696,51.24890001025051
Random Forest,saved,15.481100068427622,37.33620001003146,52.817300078459084
Random Forest,saved,16.119400039315224,41.99150006752461,58.110900106839836
Random Forest,saved,12.403500033542514,31.89460001885891,44.29810005240142
Random Forest,saved,18.09939998202026,41.48400004487485,59.583400026895106
Random Forest,saved,15.836199978366494,38.49990002345294,54.33610000181943
Random Forest,saved,18.572599976323545,40.47889995854348,59.051499934867024
Random Forest,saved,17.59140007197857,39.02709996327758,56.61850003525615
Random Forest,saved,12.476800009608269,20.557499956339598,33.034299965947866
Random Forest,saved,12.79960002284497,35.593099892139435,48.392699914984405
Random Forest,saved,15.985800069756806,41.41810000874102,57.40390007849783
Random Forest,saved,19.823600072413683,44.47459999937564,64.29820007178932
Random Forest,saved,19.69769992865622,44.743800070136786,64.441499998793
Random Forest,saved,18.398100044578314,41.207299917005,59.605399961583316
Random Forest,saved,15.289200004190207,37.08409995306283,52.37329995725304
Random Forest,saved,14.204800012521446,45.197300030849874,59.40210004337132
Random Forest,saved,12.642299989238381,33.935399958863854,46.577699948102236
Random Forest,saved,14.627499971538782,36.05920006521046,50.686700036749244
Random Forest,saved,12.489100103266537,33.60379999503493,46.09290009830147
Random Forest,saved,13.106000027619302,36.381600075401366,49.48760010302067
Random Forest,saved,12.600300018675625,33.03880000021309,45.63910001888871
Random Forest,saved,13.056199997663498,35.12569994200021,48.18189993966371
Random Forest,saved,13.19069997407496,32.932400004938245,46.123099979013205
Random Forest,saved,13.61320004798472,44.31159992236644,57.92479997035116
Random Forest,saved,13.558399979956448,34.01160007342696,47.57000005338341
Random Forest,saved,12.848400045186281,34.20899994671345,47.05739999189973
Random Forest,saved,12.97300006262958,36.27369995228946,49.24670001491904
Random Forest,saved,13.03499995265156,33.53020001668483,46.56519996933639
Random Forest,saved,12.061099987477064,45.65079999156296,57.71189997904003
Random Forest,saved,12.824999983422458,43.799999984912574,56.62499996833503
Random Forest,saved,12.319799978286028,45.3803000273183,57.70010000560433
Random Forest,saved,15.057199983857572,47.582400031387806,62.63960001524538
Random Forest,saved,19.069100031629205,62.93410004582256,82.00320007745177
Random Forest,saved,16.03679999243468,35.808099899441004,51.844899891875684
Random Forest,saved,14.80730006005615,34.67679989989847,49.48409995995462
Random Forest,saved,12.716300087049603,33.76279992517084,46.47910001222044
Random Forest,saved,12.031399994157255,35.329599981196225,47.36099997535348
Random Forest,saved,13.91670003067702,37.688300013542175,51.605000044219196
Random Forest,saved,14.70370008610189,34.33629998471588,49.04000007081777
Random Forest,saved,13.567299931310117,45.65830004867166,59.22559997998178
Random Forest,saved,13.71219998691231,35.5984999332577,49.31069992017001
Random Forest,saved,13.104100013151765,35.64190003089607,48.74600004404783
Random Forest,saved,13.000000035390258,36.003699991852045,49.0037000272423
Random Forest,saved,11.388799990527332,30.99649993237108,42.38529992289841
Random Forest,saved,11.887200060300529,32.659100019373,44.54630007967353
Random Forest,saved,10.63629996497184,34.85150006599724,45.48780003096908
Random Forest,saved,12.300599948503077,34.339900012128055,46.64049996063113
Random Forest,saved,10.950300027616322,31.07369993813336,42.02399996574968
Random Forest,saved,12.096200021915138,31.315499916672707,43.411699938587844
Random Forest,saved,13.843500055372715,32.90929994545877,46.752800000831485
Random Forest,saved,15.993300010450184,48.992899945005774,64.98619995545596
Random Forest,saved,14.555100002326071,47.057999996468425,61.613099998794496
Random Forest,saved,17.48869998846203,45.96849996596575,63.45719995442778
Random Forest,saved,13.683900004252791,35.79150000587106,49.47540001012385
Random Forest,saved,13.81310005672276,32.172200037166476,45.98530009388924
Random Forest,saved,13.16410000436008,33.82190002594143,46.98600003030151
Random Forest,saved,10.992499999701977,32.57399995345622,43.5664999531582
Random Forest,saved,14.612299972213805,32.31969999615103,46.931999968364835
Random Forest,saved,12.356300023384392,32.38360001705587,44.73990004044026
Random Forest,saved,11.023700004443526,32.750000013038516,43.77370001748204
Random Forest,saved,12.625399976968765,31.36120003182441,43.986600008793175
Random Forest,saved,11.719100060872734,43.7461999244988,55.46529998537153
Random Forest,saved,11.982599971815944,34.16100004687905,46.143600018695
Random Forest,saved,11.193300015293062,33.0489999614656,44.24229997675866
Random Forest,saved,11.723699979484081,34.92879995610565,46.65249993558973
Random Forest,saved,10.620199958793819,32.640499994158745,43.260699952952564
Random Forest,saved,11.823500040918589,34.821399953216314,46.6448999941349
Random Forest,saved,10.730599984526634,32.999000046402216,43.72960003092885
Random Forest,saved,10.658899904228747,32.93890005443245,43.5977999586612
Random Forest,saved,11.339899967424572,29.88990000449121,41.22979997191578
Random Forest,saved,13.065699953585863,32.05470007378608,45.12040002737194
Random Forest,saved,17.250700038857758,61.22020003385842,78.47090007271618
Random Forest,saved,18.59280001372099,45.712599996477365,64.30540001019835
Random Forest,saved,18.39860004838556,56.69899994973093,75.0975999981165
Random Forest,saved,18.765399930998683,56.228999979794025,74.99439991079271
Random Forest,saved,15.28859999962151,48.92069997731596,64.20929997693747
Random Forest,saved,19.86100000794977,48.73260005842894,68.59360006637871
Random Forest,saved,15.172800049185753,55.964499944821,71.13729999400675
Random Forest,saved,16.681900015100837,46.90790001768619,63.589800032787025
Random Forest,saved,17.061399994418025,48.93570009153336,65.99710008595139
Random Forest,saved,16.40020008198917,47.36099997535348,63.76120005734265
Random Forest,saved,19.983200007118285,46.80130002088845,66.78450002800673
Random Forest,saved,13.899100013077259,46.90269997809082,60.80179999116808
Random Forest,saved,15.049500041641295,47.07349999807775,62.123000039719045
Random Forest,saved,15.737199923023582,44.511400046758354,60.248599969781935
Random Forest,saved,13.406099984422326,47.35889995936304,60.76499994378537
Random Forest,saved,15.52719995379448,36.020100000314415,51.547299954108894
Random Forest,saved,12.68549996893853,45.54590000770986,58.23139997664839
Random Forest,saved,14.258699957281351,35.52919998764992,49.78789994493127
Random Forest,saved,11.51199999731034,32.65220008324832,44.16420008055866
Random Forest,saved,16.198200057260692,45.35169992595911,61.5498999832198
Random Forest,saved,15.24119998794049,37.28940000291914,52.53059999085963
Random Forest,saved,11.576800025068223,32.659600023180246,44.23640004824847
Random Forest,saved,17.628900008276105,49.74170005880296,67.37060006707907
Random Forest,saved,13.551299925893545,33.197700046002865,46.74899997189641
Random Forest,saved,11.075999937020242,31.616799999028444,42.69279993604869
Random Forest,saved,11.011000024154782,35.56410002056509,46.575100044719875
Random Forest,saved,11.226099915802479,31.92860004492104,43.15469996072352
Random Forest,saved,11.01719995494932,32.98799996264279,44.00519991759211
Random Forest,saved,11.241200030781329,32.714699977077544,43.95590000785887
Random Forest,saved,10.991199989803135,33.84759998880327,44.8387999786064
Random Forest,saved,11.367399943992496,31.845300109125674,43.21270005311817
Random Forest,saved,11.209100019186735,35.93909996561706,47.148199984803796
Random Forest,saved,11.177600012160838,32.653799979016185,43.83139999117702
Random Forest,saved,10.75220003258437,32.04209997784346,42.79430001042783
SVM (RBF),saved,11.290900059975684,1.1256999569013715,12.416600016877055
SVM (RBF),saved,13.022499973885715,0.9972000261768699,14.019700000062585
SVM (RBF),saved,13.849799986928701,1.0337000712752342,14.883500058203936
SVM (RBF),saved,12.781099998392165,1.8907999619841576,14.671899960376322
SVM (RBF),saved,12.821399956010282,0.9836000390350819,13.804999995045364
SVM (RBF),saved,12.5848000170663,0.9679000359028578,13.552700052969158
SVM (RBF),saved,10.54759998805821,0.9062000317499042,11.453800019808114
SVM (RBF),saved,10.828500031493604,1.0188999585807323,11.847399990074337
SVM (RBF),saved,12.166699976660311,1.5045000473037362,13.671200023964047
SVM (RBF),saved,13.146699988283217,1.1532999342307448,14.299999922513962
SVM (RBF),saved,12.753000017255545,0.968499924056232,13.721499941311777
SVM (RBF),saved,10.798700037412345,0.9672000305727124,11.765900067985058
SVM (RBF),saved,10.843300027772784,1.195400021970272,12.038700049743056
SVM (RBF),saved,11.224099900573492,1.0113000171259046,12.235399917699397
SVM (RBF),saved,12.058399966917932,0.9902000892907381,13.04860005620867
SVM (RBF),saved,11.380500043742359,0.9814000222831964,12.361900066025555
SVM (RBF),saved,11.625099927186966,1.076500047929585,12.701599975116551
SVM (RBF),saved,11.334700044244528,0.9471999946981668,12.281900038942695
SVM (RBF),saved,11.870699934661388,1.0447000386193395,12.915399973280728
SVM (RBF),saved,11.603099992498755,1.0461999336257577,12.649299926124513
SVM (RBF),saved,11.795400059781969,1.0921999346464872,12.887599994428456
SVM (RBF),saved,11.82030001655221,2.2734999656677246,14.093799982219934
SVM (RBF),saved,13.069399981759489,1.0167999425902963,14.086199924349785
SVM (RBF),saved,13.306600041687489,1.083299983292818,14.389900024980307
SVM (RBF),saved,11.902799946255982,1.4810999855399132,13.383899931795895
SVM (RBF),saved,13.82190000731498,1.1050000321120024,14.926900039426982
SVM (RBF),saved,14.743400039151311,1.4532000059261918,16.196600045077503
SVM (RBF),saved,12.949500000104308,1.0384999914094806,13.987999991513789
SVM (RBF),saved,10.686299996450543,0.9967000223696232,11.683000018820167
SVM (RBF),saved,13.107200036756694,1.3814999256283045,14.488699962384999
SVM (RBF),saved,14.324499992653728,1.3453999999910593,15.669899992644787
SVM (RBF),saved,12.800199910998344,1.922600087709725,14.72279999870807
SVM (RBF),saved,14.631600002758205,1.5516000567004085,16.183200059458613
SVM (RBF),saved,12.901199981570244,1.0226999875158072,13.923899969086051
SVM (RBF),saved,13.991000014357269,1.016200054436922,15.00720006879419
SVM (RBF),saved,12.781500001437962,1.1233000550419092,13.904800056479871
SVM (RBF),saved,14.835200039669871,1.0588000295683742,15.894000069238245
SVM (RBF),saved,12.15219998266548,0.9126999648287892,13.064899947494268
SVM (RBF),saved,10.33409999217838,0.9938000002875924,11.327899992465973
SVM (RBF),saved,9.942599921487272,0.9070000378414989,10.84959995932877
SVM (RBF),saved,14.032599981874228,1.3398999581113458,15.372499939985573
SVM (RBF),saved,15.397900016978383,1.0934999445453286,16.49139996152371
SVM (RBF),saved,13.005099957808852,1.5159000176936388,14.520999975502491
SVM (RBF),saved,12.29430001694709,0.9074999252334237,13.201799942180514
SVM (RBF),saved,11.07350003439933,1.5258999774232507,12.599400011822581
SVM (RBF),saved,13.416499947197735,1.2841999996453524,14.700699946843088
SVM (RBF),saved,13.186899945139885,0.9843000443652272,14.171199989505112
SVM (RBF),saved,10.792399989441037,1.4872000319883227,12.27960002142936
SVM (RBF),saved,13.278700062073767,1.375499996356666,14.654200058430433
SVM (RBF),saved,13.365100021474063,1.3907999964430928,14.755900017917156
SVM (RBF),saved,11.600399971939623,1.0317000560462475,12.63210002798587
SVM (RBF),saved,11.088600032962859,0.9932999964803457,12.081900029443204
SVM (RBF),saved,10.689000017009676,2.057399949990213,12.746399966999888
SVM (RBF),saved,11.20690000243485,0.8940999396145344,12.100999942049384
SVM (RBF),saved,12.902699992991984,1.0493999579921365,13.95209995098412
SVM (RBF),saved,11.686500045470893,0.9629999985918403,12.649500044062734
SVM (RBF),saved,12.068499927408993,0.9935999987646937,13.062099926173687
SVM (RBF),saved,11.046999949030578,1.014700043015182,12.06169999204576
SVM (RBF),saved,11.221900000236928,0.9886999614536762,12.210599961690605
SVM (RBF),saved,10.49559994135052,0.966200022958219,11.461799964308739
SVM (RBF),saved,11.666200007312,1.4188999775797129,13.085099984891713
SVM (RBF),saved,10.76400000602007,0.9740999666973948,11.738099972717464
SVM (RBF),saved,11.29000005312264,1.146299997344613,12.436300050467253
SVM (RBF),saved,10.918500018306077,1.028000027872622,11.946500046178699
SVM (RBF),saved,13.786499970592558,1.0807999642565846,14.867299934849143
SVM (RBF),saved,15.448399935849011,1.0047000832855701,16.45310001913458
SVM (RBF),saved,11.2572000361979,0.9805000154301524,12.237700051628053
SVM (RBF),saved,20.547599997371435,1.1532999342307448,21.70089993160218
SVM (RBF),saved,35.38969997316599,2.1138000302016735,37.50350000336766
SVM (RBF),saved,21.35559997987002,1.6789000947028399,23.03450007457286
SVM (RBF),saved,15.43989998754114,1.154000055976212,16.59390004351735
SVM (RBF),saved,14.29149997420609,1.3561999658122659,15.647699940018356
SVM (RBF),saved,18.815999967046082,1.295599970035255,20.111599937081337
SVM (RBF),saved,11.995699955150485,0.9708000579848886,12.966500013135374
SVM (RBF),saved,10.302400100044906,0.930099980905652,11.232500080950558
SVM (RBF),saved,11.22019998729229,0.9621999925002456,12.182399979792535
SVM (RBF),saved,10.666800080798566,0.9074999252334237,11.57430000603199
SVM (RBF),saved,12.050800025463104,1.0052999714389443,13.056099996902049
SVM (RBF),saved,11.542199994437397,0.928599969483912,12.470799963921309
SVM (RBF),saved,11.0277000349015,1.0053999722003937,12.033100007101893
SVM (RBF),saved,12.84260000102222,1.259799930267036,14.102399931289256
SVM (RBF),saved,11.391900014132261,1.0236999951303005,12.415600009262562
SVM (RBF),saved,10.584199917502701,0.9966000216081738,11.580799939110875
SVM (RBF),saved,12.658399995416403,1.2531999964267015,13.911599991843104
SVM (RBF),saved,11.086600017733872,1.4452999457716942,12.531899963505566
SVM (RBF),saved,11.777999927289784,0.9959000162780285,12.773899943567812
SVM (RBF),saved,10.956899961456656,1.2175000738352537,12.17440003529191
SVM (RBF),saved,11.180700035765767,1.0037999600172043,12.184499995782971
SVM (RBF),saved,10.614700033329427,1.2901999289169908,11.904899962246418
SVM (RBF),saved,12.064400012604892,1.3194000348448753,13.383800047449768
SVM (RBF),saved,10.152500006370246,0.9296999778598547,11.082199984230101
SVM (RBF),saved,13.053699978627264,0.9852000512182713,14.038900029845536
SVM (RBF),saved,10.65989991184324,0.9283000836148858,11.588199995458126
SVM (RBF),saved,10.912900092080235,0.9640000062063336,11.87690009828657
SVM (RBF),saved,10.864200070500374,0.8954999502748251,11.759700020775199
SVM (RBF),saved,11.2885000417009,1.0730999056249857,12.361599947325885
SVM (RBF),saved,11.548600043170154,0.9741999674588442,12.522800010628998
SVM (RBF),saved,11.005699983797967,1.1611999943852425,12.16689997818321
SVM (RBF),saved,11.872399947606027,0.9467999916523695,12.819199939258397
SVM (RBF),saved,10.114499949850142,1.3296999968588352,11.444199946708977
SVM (RBF),saved,11.687300051562488,0.9953000117093325,12.68260006327182
SVM (RBF),saved,12.46640004683286,1.0037999600172043,13.470200006850064
SVM (RBF),saved,10.770500055514276,0.9734999621286988,11.744000017642975
SVM (RBF),saved,13.659599935635924,1.242100028321147,14.901699963957071
SVM (RBF),saved,11.794599937275052,2.2076000459492207,14.002199983224273
SVM (RBF),saved,11.038399999961257,0.9261000668630004,11.964500066824257
SVM (RBF),saved,11.786299990490079,1.271599903702736,13.057899894192815
SVM (RBF),saved,10.796300019137561,0.9890999644994736,11.785399983637035
SVM (RBF),saved,10.164499981328845,0.9309999877586961,11.095499969087541
SVM (RBF),saved,10.885099996812642,0.9978999150916934,11.882999911904335
SVM (RBF),saved,10.588700068183243,0.9370999177917838,11.525799985975027
SVM (RBF),saved,12.663000030443072,1.0603000409901142,13.723300071433187
SVM (RBF),saved,11.971100000664592,1.0893000289797783,13.06040002964437
SVM (RBF),saved,11.918599950149655,1.3518000487238169,13.270399998873472
SVM (RBF),saved,11.40399998985231,1.3484000228345394,12.752400012686849
SVM (RBF),saved,11.337799951434135,1.0087999980896711,12.346599949523807
SVM (RBF),saved,10.013299994170666,0.9055000264197588,10.918800020590425
SVM (RBF),saved,12.035899912007153,0.9940000018104911,13.029899913817644
SVM (RBF),saved,10.09120000526309,0.9454999817535281,11.036699987016618
SVM (RBF),saved,11.53869996778667,1.659400062635541,13.19810003042221
SVM (RBF),saved,11.943100020289421,0.9840000420808792,12.9271000623703
SVM (RBF),saved,10.77559997793287,1.0000999318435788,11.77569990977645
SVM (RBF),saved,10.551500017754734,0.9582999628037214,11.509799980558455
SVM (RBF),saved,11.179400025866926,1.259499927982688,12.438899953849614
SVM (RBF),saved,11.63800002541393,0.8974999655038118,12.535499990917742
SVM (RBF),saved,14.7921999450773,1.3275000965222716,16.11970004159957
SVM (RBF),saved,13.031400041654706,1.173199969343841,14.204600010998547
SVM (RBF),saved,11.764899943955243,0.98840007558465,12.753300019539893
SVM (RBF),saved,11.878100107423961,1.7553999787196517,13.633500086143613
SVM (RBF),saved,12.704099994152784,1.070300000719726,13.77439999487251
SVM (RBF),saved,12.211599969305098,0.9783999994397163,13.189999968744814
SVM (RBF),saved,11.993699939921498,1.1054000351577997,13.099099975079298
SVM (RBF),saved,11.546600027941167,0.9330000029876828,12.47960003092885
SVM (RBF),saved,11.28540001809597,0.972700072452426,12.258100090548396
SVM (RBF),saved,11.531100026331842,0.9564000647515059,12.487500091083348
SVM (RBF),saved,11.696100002154708,0.9943000040948391,12.690400006249547
SVM (RBF),saved,11.658600065857172,0.9620999917387962,12.620700057595968
SVM (RBF),saved,11.607800028286874,0.9850000496953726,12.592800077982247
SVM (RBF),saved,11.997200082987547,0.9352000197395682,12.932400102727115
SVM (RBF),saved,11.200000066310167,1.0102000087499619,12.21020007506013
SVM (RBF),saved,11.17429998703301,0.946100102737546,12.120400089770555
SVM (RBF),saved,11.698200018145144,1.0952000739052892,12.793400092050433
SVM (RBF),saved,10.804700083099306,0.9439999703317881,11.748700053431094
SVM (RBF),saved,11.641799937933683,1.0646000737324357,12.706400011666119
SVM (RBF),saved,10.789400083012879,0.9130999678745866,11.702500050887465
SVM (RBF),saved,10.993700008839369,1.3717999681830406,12.36549997702241
SVM (RBF),saved,12.309199897572398,1.113200094550848,13.422399992123246
SVM (RBF),saved,14.095599995926023,1.2073999969288707,15.302999992854893
SVM (RBF),saved,12.67359999474138,0.9798000101000071,13.653400004841387
SVM (RBF),saved,11.168699944391847,0.9468999924138188,12.115599936805665
SVM (RBF),saved,11.194800026714802,1.079099951311946,12.273899978026748
SVM (RBF),saved,12.121099978685379,0.9048000210896134,13.025899999774992
SVM (RBF),saved,14.567499980330467,1.0987999849021435,15.66629996523261
SVM (RBF),saved,12.010999955236912,1.6415000427514315,13.652499997988343
SVM (RBF),saved,10.88690001051873,1.9632000476121902,12.85010005813092
SVM (RBF),saved,12.234599911607802,0.9696000488474965,13.204199960455298
SVM (RBF),saved,10.54459996521473,0.9685000404715538,11.513100005686283
SVM (RBF),saved,12.320000096224248,0.9892999660223722,13.30930006224662
SVM (RBF),saved,10.82889991812408,0.9483000030741096,11.77719992119819
SVM (RBF),saved,12.145500048063695,1.0023999493569136,13.147899997420609
SVM (RBF),saved,10.795500013045967,0.9599999757483602,11.755499988794327
SVM (RBF),saved,12.94909999705851,1.0002999333664775,13.949399930424988
SVM (RBF),saved,11.231600074097514,1.1789998970925808,12.410599971190095
SVM (RBF),saved,11.456700041890144,0.9564999490976334,12.413199990987778
SVM (RBF),saved,10.354500031098723,0.9949000086635351,11.349400039762259
SVM (RBF),saved,12.167000095359981,1.3548999559134245,13.521900051273406
SVM (RBF),saved,10.57869999203831,1.0154999326914549,11.594199924729764
SVM (RBF),saved,14.146300032734871,1.0460999328643084,15.19239996559918
SVM (RBF),saved,13.539400068111718,1.295899972319603,14.83530004043132
SVM (RBF),saved,10.434700059704483,0.8945999434217811,11.329300003126264
SVM (RBF),saved,14.759500045329332,1.3275999808683991,16.08710002619773
SVM (RBF),saved,14.375299913808703,1.0290000354871154,15.404299949295819
SVM (RBF),saved,10.669199982658029,1.3426999794319272,12.011899962089956
SVM (RBF),saved,11.732799932360649,0.9690000442788005,12.70179997663945
SVM (RBF),saved,14.548699953593314,1.415999955497682,15.964699909090996
SVM (RBF),saved,11.140799964778125,2.3040000814944506,13.444800046272576
SVM (RBF),saved,11.117200017906725,0.9648000122979283,12.082000030204654
SVM (RBF),saved,10.287599987350404,0.9115999564528465,11.19919994380325
SVM (RBF),saved,11.351499939337373,0.9907000930979848,12.342200032435358
SVM (RBF),saved,10.447500040754676,0.990999978967011,11.438500019721687
SVM (RBF),saved,11.048799962736666,1.0470000561326742,12.09580001886934
SVM (RBF),saved,11.611799942329526,0.9379000402987003,12.549699982628226
SVM (RBF),saved,12.486099964007735,0.977699994109571,13.463799958117306
SVM (RBF),saved,10.699399979785085,1.0859000030905008,11.785299982875586
SVM (RBF),saved,13.632499962113798,1.0872000129893422,14.71969997510314
SVM (RBF),saved,10.86299994494766,1.13950006198138,12.00250000692904
SVM (RBF),saved,12.21279997844249,0.9924001060426235,13.205200084485114
SVM (RBF),saved,11.845699977129698,1.500600017607212,13.34629999473691
SVM (RBF),saved,11.115400004200637,1.0708000045269728,12.18620000872761
SVM (RBF),saved,12.651899945922196,1.065900083631277,13.717800029553473
SVM (RBF),saved,12.022900045849383,0.9948000079020858,13.017700053751469
SVM (RBF),saved,13.02909990772605,0.9848000481724739,14.013899955898523
SVM (RBF),saved,11.246599955484271,1.5030000358819962,12.749599991366267
SVM (RBF),saved,12.971499934792519,0.9844000451266766,13.955899979919195
SVM (RBF),saved,12.741100043058395,0.9847000474110246,13.72580009046942
SVM (RBF),saved,10.949900024570525,0.9438999695703387,11.893799994140863
SVM (RBF),saved,11.074800044298172,1.206299988552928,12.2811000328511
SVM (RBF),saved,10.716999997384846,0.8966999594122171,11.613699956797063
SVM (RBF),saved,12.30159995611757,1.3743999879807234,13.675999944098294
SVM (RBF),saved,11.632299982011318,0.9568000677973032,12.589100049808621
K-NN,saved,12.055999948643148,7.904700003564358,19.960699952207506
K-NN,saved,13.275900040753186,9.154299972578883,22.43020001333207
K-NN,saved,18.324699951335788,7.81860004644841,26.143299997784197
K-NN,saved,11.604700004681945,8.170700049959123,19.775400054641068
K-NN,saved,13.813699944876134,9.106800076551735,22.92050002142787
K-NN,saved,17.71440007723868,9.967299993149936,27.681700070388615
K-NN,saved,15.707200043834746,9.031499968841672,24.738700012676418
K-NN,saved,11.53290004003793,8.3072999259457,19.84019996598363
K-NN,saved,11.224200017750263,8.561099995858967,19.78530001360923
K-NN,saved,11.018299963325262,8.021599962376058,19.03989992570132
K-NN,saved,10.18159999512136,7.643799996003509,17.82539999112487
K-NN,saved,10.152200004085898,7.576099946163595,17.728299950249493
K-NN,saved,10.211799992248416,7.561100064776838,17.772900057025254
K-NN,saved,10.022699949331582,7.518199970945716,17.540899920277297
K-NN,saved,10.095100034959614,7.609799969941378,17.704900004900992
K-NN,saved,10.74309996329248,7.93120008893311,18.67430005222559
K-NN,saved,12.769600027240813,9.11790004465729,21.887500071898103
K-NN,saved,15.494900057092309,8.77089996356517,24.26580002065748
K-NN,saved,15.67550003528595,9.6850999398157,25.36059997510165
K-NN,saved,13.901700032874942,8.739699958823621,22.641399991698563
K-NN,saved,14.385999995283782,9.541900013573468,23.92790000885725
K-NN,saved,15.388699946925044,9.379300056025386,24.76800000295043
K-NN,saved,14.098500018008053,9.045700076967478,23.14420009497553
K-NN,saved,13.842100044712424,9.702499955892563,23.544600000604987
K-NN,saved,13.099799980409443,8.706500055268407,21.80630003567785
K-NN,saved,13.964199926704168,8.836499997414649,22.800699924118817
K-NN,saved,13.800499960780144,8.60970001667738,22.410199977457523
K-NN,saved,13.905099942348897,8.881300105713308,22.786400048062205
K-NN,saved,15.006300061941147,8.775299997068942,23.78160005901009
K-NN,saved,10.544799966737628,7.8449000138789415,18.38969998061657
K-NN,saved,12.263100012205541,9.075399953871965,21.338499966077507
K-NN,saved,12.22609996329993,7.676000008359551,19.90209997165948
K-NN,saved,13.605099986307323,8.426500018686056,22.03160000499338
K-NN,saved,10.899999993853271,7.86300003528595,18.76300002913922
K-NN,saved,11.045599938370287,7.606200058944523,18.65179999731481
K-NN,saved,11.268100002780557,7.642199983820319,18.910299986600876
K-NN,saved,12.986899935640395,8.425500011071563,21.412399946711957
K-NN,saved,10.844500036910176,7.94429995585233,18.788799992762506
K-NN,saved,10.493300040252507,7.800099905580282,18.29339994583279
K-NN,saved,11.593200033530593,7.571900030598044,19.165100064128637
K-NN,saved,11.013700044713914,7.583900005556643,18.597600050270557
K-NN,saved,12.26029999088496,7.983400020748377,20.243700011633337
K-NN,saved,11.32689998485148,8.067499962635338,19.394399947486818
K-NN,saved,14.983800007030368,8.567399927414954,23.55119993444532
K-NN,saved,14.184199972078204,8.50440002977848,22.688600001856685
K-NN,saved,15.25459997355938,10.662900051102042,25.91750002466142
K-NN,saved,19.947099965065718,9.113700012676418,29.060799977742136
K-NN,saved,14.508499996736646,9.035399998538196,23.543899995274842
K-NN,saved,11.370699969120324,8.16810003016144,19.538799999281764
K-NN,saved,14.854300068691373,7.68649997189641,22.540800040587783
K-NN,saved,10.78180002514273,7.699099951423705,18.480899976566434
K-NN,saved,12.210899963974953,7.734599988907576,19.94549995288253
K-NN,saved,11.397099937312305,7.775000063702464,19.17210000101477
K-NN,saved,15.058599994517863,8.195200003683567,23.25379999820143
K-NN,saved,11.055899900384247,7.734600105322897,18.790500005707145
K-NN,saved,11.076800059527159,7.777299964800477,18.854100024327636
K-NN,saved,10.760999983176589,7.736200001090765,18.497199984267354
K-NN,saved,15.261199907399714,9.388800011947751,24.649999919347465
K-NN,saved,13.34629999473691,9.51919995713979,22.8654999518767
K-NN,saved,14.012200059369206,7.811799994669855,21.82400005403906
K-NN,saved,11.483600013889372,8.226200006902218,19.70980002079159
K-NN,saved,11.389799998141825,8.059000014327466,19.44880001246929
K-NN,saved,13.52539996150881,8.417299948632717,21.942699910141528
K-NN,saved,11.59060001373291,8.329699980095029,19.92029999382794
K-NN,saved,13.61320004798472,8.617099956609309,22.230300004594028
K-NN,saved,11.783499969169497,7.746299961581826,19.529799930751324
K-NN,saved,11.940500000491738,7.824399974197149,19.764899974688888
K-NN,saved,10.645000031217933,8.667699992656708,19.31270002387464
K-NN,saved,11.262699961662292,7.702999981120229,18.96569994278252
K-NN,saved,11.009100009687245,7.598199998028576,18.60730000771582
K-NN,saved,10.087899980135262,7.473999983631074,17.561899963766336
K-NN,saved,11.697900015860796,8.619399974122643,20.31729998998344
K-NN,saved,12.648699921555817,8.256000000983477,20.904699922539294
K-NN,saved,11.105300043709576,7.695400039665401,18.800700083374977
K-NN,saved,12.246700003743172,8.066200069151819,20.31290007289499
K-NN,saved,10.642999899573624,7.834300049580634,18.477299949154258
K-NN,saved,10.583700030110776,7.751099998131394,18.33480002824217
K-NN,saved,14.242600067518651,8.93079990055412,23.173399968072772
K-NN,saved,10.619800072163343,8.881499990820885,19.501300062984228
K-NN,saved,12.825800105929375,9.431099984794855,22.25690009072423
K-NN,saved,10.916200000792742,7.814800017513335,18.731000018306077
K-NN,saved,12.360700056888163,9.09239996690303,21.453100023791194
K-NN,saved,12.114199926145375,7.95330002438277,20.067499950528145
K-NN,saved,10.329999960958958,9.096900001168251,19.42689996212721
K-NN,saved,12.05709995701909,7.899100077338517,19.956200034357607
K-NN,saved,16.89589989837259,10.14620007481426,27.04209997318685
K-NN,saved,16.192999901250005,10.437800083309412,26.630799984559417
K-NN,saved,10.67629992030561,7.953000022098422,18.62929994240403
K-NN,saved,10.064300033263862,7.692699902690947,17.75699993595481
K-NN,saved,10.971700074151158,8.410000009462237,19.381700083613396
K-NN,saved,10.508100036531687,7.562099955976009,18.070199992507696
K-NN,saved,10.782000026665628,7.5879000360146165,18.369900062680244
K-NN,saved,10.051899938844144,7.583099999465048,17.634999938309193
K-NN,saved,9.956399910151958,7.756200036965311,17.71259994711727
K-NN,saved,10.216300026513636,7.700699963606894,17.91699999012053
K-NN,saved,9.941200027242303,9.121599956415594,19.062799983657897
K-NN,saved,10.126399924047291,7.607500068843365,17.733899992890656
K-NN,saved,11.764699942432344,7.934900000691414,19.699599943123758
K-NN,saved,11.72549999319017,8.084499975666404,19.809999968856573
K-NN,saved,10.520700016058981,7.80949997715652,18.3301999932155
K-NN,saved,9.903499973006546,7.546399952843785,17.449899925850332
K-NN,saved,9.90609999280423,9.323199978098273,19.229299970902503
K-NN,saved,12.734699994325638,8.07029998395592,20.804999978281558
K-NN,saved,10.282200062647462,7.841599988751113,18.123800051398575
K-NN,saved,10.790999978780746,9.105299948714674,19.89629992749542
K-NN,saved,10.24380000308156,7.764799986034632,18.008599989116192
K-NN,saved,11.125099961645901,7.6567999785766006,18.7818999402225
K-NN,saved,10.64830005634576,7.546999957412481,18.195300013758242
K-NN,saved,11.915400042198598,7.693999912589788,19.609399954788387
K-NN,saved,11.420499999076128,10.187400039285421,21.60790003836155
K-NN,saved,9.973900043405592,8.019500062800944,17.993400106206536
K-NN,saved,10.901200002990663,8.500099997036159,19.401300000026822
K-NN,saved,10.8526999829337,7.678500027395785,18.531200010329485
K-NN,saved,10.357899940572679,7.944600074552,18.30250001512468
K-NN,saved,12.05419993493706,8.372599957510829,20.42679989244789
K-NN,saved,13.501100009307265,8.777600014582276,22.27870002388954
K-NN,saved,12.472699978388846,8.139900048263371,20.612600026652217
K-NN,saved,11.612800066359341,8.308999938890338,19.92180000524968
K-NN,saved,10.601200046949089,7.895999937318265,18.497199984267354
K-NN,saved,14.57610004581511,8.874199935235083,23.450299981050193
K-NN,saved,10.671500000171363,8.47340002655983,19.144900026731193
K-NN,saved,10.121200000867248,10.691199917346239,20.812399918213487
K-NN,saved,11.994700063951313,7.676599896512926,19.67129996046424
K-NN,saved,10.359300067648292,8.947999915108085,19.307299982756376
K-NN,saved,11.924499995075166,7.743400055915117,19.667900050990283
K-NN,saved,10.057299979962409,7.692200015299022,17.74949999526143
K-NN,saved,10.100600076839328,9.502499946393073,19.6031000232324
K-NN,saved,12.428099988028407,7.888699998147786,20.316799986176193
K-NN,saved,10.374899953603745,7.65110005158931,18.026000005193055
K-NN,saved,11.837399913929403,7.7191999880596995,19.556599901989102
K-NN,saved,10.126700042746961,8.284199982881546,18.410900025628507
K-NN,saved,11.551299947313964,8.422399987466633,19.973699934780598
K-NN,saved,10.20829996559769,7.668800069950521,17.87710003554821
K-NN,saved,11.062299949117005,8.484099991619587,19.546399940736592
K-NN,saved,10.361499967984855,9.18739999178797,19.548899959772825
K-NN,saved,10.722900042310357,8.034899947233498,18.757799989543855
K-NN,saved,10.59199997689575,7.757200044579804,18.349200021475554
K-NN,saved,11.02760003414005,7.713399943895638,18.74099997803569
K-NN,saved,10.738799930550158,11.693800101056695,22.432600031606853
K-NN,saved,18.70700006838888,9.48070001322776,28.18770008161664
K-NN,saved,12.022300041280687,8.323600050061941,20.345900091342628
K-NN,saved,13.033400056883693,7.587500032968819,20.620900089852512
K-NN,saved,10.16990002244711,7.594700087793171,17.76460011024028
K-NN,saved,10.740800062194467,7.581599988043308,18.322400050237775
K-NN,saved,10.08379994891584,7.594399969093502,17.67819991800934
K-NN,saved,9.900400065816939,7.7711999183520675,17.671599984169006
K-NN,saved,9.920999989844859,7.645800011232495,17.566800001077354
K-NN,saved,9.859599987976253,7.5873000314459205,17.446900019422174
K-NN,saved,10.046999901533127,7.783400011248887,17.830399912782013
K-NN,saved,10.24990004952997,7.6070999493822455,17.856999998912215
K-NN,saved,10.398400016129017,7.557899923995137,17.956299940124154
K-NN,saved,10.10040007531643,7.572399917989969,17.6727999933064
K-NN,saved,10.144899948500097,7.486000075004995,17.63090002350509
K-NN,saved,10.21410000976175,7.800299907103181,18.01439991686493
K-NN,saved,11.47639995906502,8.131700102239847,19.608100061304867
K-NN,saved,10.372000047937036,7.75630003772676,18.128300085663795
K-NN,saved,13.688100036233664,7.648300030268729,21.336400066502392
K-NN,saved,10.323000024072826,10.065299924463034,20.38829994853586
K-NN,saved,10.845100041478872,9.72069997806102,20.565800019539893
K-NN,saved,11.283500003628433,7.781499996781349,19.065000000409782
K-NN,saved,12.61020009405911,7.586499908939004,20.196700002998114
K-NN,saved,10.942000080831349,8.25829990208149,19.20029998291284
K-NN,saved,10.0233000703156,7.873900001868606,17.897200072184205
K-NN,saved,10.01570001244545,7.585300016216934,17.601000028662384
K-NN,saved,13.336200034245849,8.042800007387996,21.379000041633844
K-NN,saved,10.721699916757643,7.531500072218478,18.25319998897612
K-NN,saved,13.596600037999451,7.817200035788119,21.41380007378757
K-NN,saved,10.109099908731878,8.195200003683567,18.304299912415445
K-NN,saved,10.451100068166852,8.580799913033843,19.031899981200695
K-NN,saved,10.911900084465742,7.577499956823885,18.489400041289628
K-NN,saved,11.244699941016734,7.577700074762106,18.82240001577884
K-NN,saved,12.378100072965026,7.729599950835109,20.107700023800135
K-NN,saved,10.085599962621927,8.542200084775686,18.627800047397614
K-NN,saved,10.320600005798042,8.46310006454587,18.78370007034391
K-NN,saved,11.942700017243624,7.661200012080371,19.603900029323995
K-NN,saved,11.668500024825335,7.648200029507279,19.316700054332614
K-NN,saved,10.41880005504936,11.173699982464314,21.592500037513673
K-NN,saved,12.20410002861172,7.602499914355576,19.806599942967296
K-NN,saved,11.639100033789873,7.64960004016757,19.288700073957443
K-NN,saved,10.385800036601722,7.766099995933473,18.151900032535195
K-NN,saved,11.312799993902445,8.244400029070675,19.55720002297312
K-NN,saved,10.025599971413612,8.756799972616136,18.78239994402975
K-NN,saved,12.9507000092417,8.04210000205785,20.99280001129955
K-NN,saved,12.231100001372397,7.649799925275147,19.880899926647544
K-NN,saved,10.554100037552416,10.17389993648976,20.727999974042177
K-NN,saved,10.09120000526309,8.084799977950752,18.175999983213842
K-NN,saved,10.948700015433133,8.50440002977848,19.453100045211613
K-NN,saved,12.02490006107837,7.6374999480322,19.66240000911057
K-NN,saved,12.221700046211481,7.677900022827089,19.89960006903857
K-NN,saved,10.052000056020916,8.142999955452979,18.195000011473894
K-NN,saved,10.081200045533478,7.6289999997243285,17.710200045257807
K-NN,saved,11.798099963925779,7.7062000054866076,19.504299969412386
K-NN,saved,12.293200008571148,8.335999911651015,20.629199920222163
K-NN,saved,14.10919998306781,8.984199957922101,23.09339994098991
K-NN,saved,14.082500012591481,14.483900042250752,28.566400054842234
K-NN,saved,19.377300050109625,7.610399974510074,26.9877000246197
K-NN,saved,10.119599988684058,7.699599955230951,17.81919994391501
K-NN,saved,10.358500061556697,7.675600005313754,18.03410006687045
K-NN,saved,9.85409994609654,7.582599995657802,17.43669994175434
K-NN,saved,10.015200008638203,7.631100015714765,17.646300024352968
Logistic Reg,saved,12.469500070437789,0.3117999294772744,12.781299999915063
Logistic Reg,saved,11.182200047187507,0.34929998219013214,11.53150002937764
Logistic Reg,saved,10.503600002266467,0.40220003575086594,10.905800038017333
Logistic Reg,saved,9.97580005787313,0.26599992997944355,10.241799987852573
Logistic Reg,saved,12.911100056953728,0.32029999420046806,13.231400051154196
Logistic Reg,saved,11.814799974672496,0.3548000240698457,12.169599998742342
Logistic Reg,saved,9.928299929015338,0.3182000946253538,10.246500023640692
Logistic Reg,saved,21.038400009274483,0.7737000705674291,21.812100079841912
Logistic Reg,saved,31.78199997637421,0.7625999860465527,32.54459996242076
Logistic Reg,saved,19.161799922585487,0.31839997973293066,19.480199902318418
Logistic Reg,saved,10.525300051085651,0.3068000078201294,10.83210005890578
Logistic Reg,saved,9.815099998377264,0.23969996254891157,10.054799960926175
Logistic Reg,saved,12.40410003811121,0.29959995299577713,12.703699991106987
Logistic Reg,saved,10.594199993647635,0.2984999446198344,10.89269993826747
Logistic Reg,saved,9.809400071389973,0.45629998203366995,10.265700053423643
Logistic Reg,saved,10.371299926191568,0.2332000294700265,10.604499955661595
Logistic Reg,saved,10.099100065417588,0.2975999377667904,10.396700003184378
Logistic Reg,saved,9.865600033663213,0.27710001450031996,10.142700048163533
Logistic Reg,saved,11.166600044816732,0.24890003260225058,11.415500077418983
Logistic Reg,saved,10.229300009086728,0.282099936157465,10.511399945244193
Logistic Reg,saved,9.794999961741269,0.2995000686496496,10.094500030390918
Logistic Reg,saved,10.7709999429062,0.27279998175799847,11.0437999246642
Logistic Reg,saved,10.08090004324913,0.23370003327727318,10.314600076526403
Logistic Reg,saved,9.782399982213974,0.295699923299253,10.078099905513227
Logistic Reg,saved,10.049600037746131,0.2954000374302268,10.345000075176358
Logistic Reg,saved,11.18790009059012,0.3027999773621559,11.490700067952275
Logistic Reg,saved,9.951499989256263,0.23469992447644472,10.186199913732708
Logistic Reg,saved,10.286800097674131,0.30259997583925724,10.589400073513389
Logistic Reg,saved,11.362399905920029,0.3391000209376216,11.70149992685765
Logistic Reg,saved,12.549999984912574,0.4773000255227089,13.027300010435283
Logistic Reg,saved,10.32090000808239,0.29879994690418243,10.619699954986572
Logistic Reg,saved,10.287699988111854,0.2343000378459692,10.522000025957823
Logistic Reg,saved,10.899399989284575,0.3357999958097935,11.235199985094368
Logistic Reg,saved,9.860599995590746,0.2946000313386321,10.155200026929379
Logistic Reg,saved,10.957099962979555,0.2801999216899276,11.237299884669483
Logistic Reg,saved,10.029400000348687,0.24560000747442245,10.27500000782311
Logistic Reg,saved,9.815199999138713,0.300200073979795,10.115400073118508
Logistic Reg,saved,10.159200057387352,0.31299993861466646,10.472199996002018
Logistic Reg,saved,10.08840010035783,0.3007999621331692,10.389200062491
Logistic Reg,saved,9.85399994533509,0.2672000555321574,10.121200000867248
Logistic Reg,saved,10.848499950952828,0.42749999556690454,11.275999946519732
Logistic Reg,saved,13.336500036530197,0.3439999418333173,13.680499978363514
Logistic Reg,saved,10.484799975529313,0.7952000014483929,11.279999976977706
Logistic Reg,saved,11.92089996766299,0.2976000541821122,12.218500021845102
Logistic Reg,saved,11.345400009304285,0.26869995053857565,11.61409995984286
Logistic Reg,saved,10.901900008320808,0.30700000934302807,11.208900017663836
Logistic Reg,saved,9.924499900080264,0.2546000760048628,10.179099976085126
Logistic Reg,saved,11.535399942658842,0.2604000037536025,11.795799946412444
Logistic Reg,saved,10.132799972780049,0.3062000032514334,10.438999976031482
Logistic Reg,saved,9.91190003696829,0.29250001534819603,10.204400052316487
Logistic Reg,saved,10.041799978353083,0.24860003031790257,10.290400008670986
Logistic Reg,saved,18.54960003402084,0.528500066138804,19.078100100159645
Logistic Reg,saved,12.460099998861551,0.4646000452339649,12.924700044095516
Logistic Reg,saved,11.395400040782988,0.27219997718930244,11.66760001797229
Logistic Reg,saved,11.393599910661578,0.33050007186830044,11.724099982529879
Logistic Reg,saved,10.991099989041686,0.2834999468177557,11.274599935859442
Logistic Reg,saved,10.36069996189326,0.24429999757558107,10.604999959468842
Logistic Reg,saved,11.58920000307262,0.3160000778734684,11.905200080946088
Logistic Reg,saved,10.02470008097589,0.24919991847127676,10.273899999447167
Logistic Reg,saved,10.133100091479719,0.3111999249085784,10.444300016388297
Logistic Reg,saved,12.100700056180358,0.4631999181583524,12.56389997433871
Logistic Reg,saved,10.878600063733757,0.32409990672022104,11.202699970453978
Logistic Reg,saved,10.309700039215386,0.3231000155210495,10.632800054736435
Logistic Reg,saved,13.54039995931089,0.3168999683111906,13.85729992762208
Logistic Reg,saved,11.639200034551322,0.4124999977648258,12.051700032316148
Logistic Reg,saved,18.971399986185133,0.5862999241799116,19.557699910365045
Logistic Reg,saved,15.26210003066808,0.4213000647723675,15.683400095440447
Logistic Reg,saved,11.23210007790476,0.27710001450031996,11.50920009240508
Logistic Reg,saved,15.032600029371679,0.3231000155210495,15.355700044892728
Logistic Reg,saved,10.137700010091066,0.25129993446171284,10.38899994455278
Logistic Reg,saved,14.371800003573298,0.3226000117138028,14.694400015287101
Logistic Reg,saved,10.14170004054904,0.24670001585036516,10.388400056399405
Logistic Reg,saved,11.296999990008771,0.30690000858157873,11.60389999859035
Logistic Reg,saved,9.967299993149936,0.27870002668350935,10.246000019833446
Logistic Reg,saved,10.272799991071224,0.2668000524863601,10.539600043557584
Logistic Reg,saved,12.606099946424365,0.3890000516548753,12.99509999807924
Logistic Reg,saved,13.263100059702992,0.4002000205218792,13.663300080224872
Logistic Reg,saved,14.299099915660918,0.39359997026622295,14.69269988592714
Logistic Reg,saved,13.643900048919022,0.4016000311821699,14.045500080101192
Logistic Reg,saved,13.708499958738685,0.39029994513839483,14.09879990387708
Logistic Reg,saved,14.490699977613986,0.36589999217540026,14.856599969789386
Logistic Reg,saved,13.633500086143613,0.3763999557122588,14.009900041855872
Logistic Reg,saved,16.586999990977347,0.3723000409081578,16.959300031885505
Logistic Reg,saved,12.053900049068034,0.35610003396868706,12.41000008303672
Logistic Reg,saved,10.311999940313399,0.30499999411404133,10.61699993442744
Logistic Reg,saved,10.217700037173927,0.23549993056803942,10.453199967741966
Logistic Reg,saved,13.008099980652332,0.430600019171834,13.438699999824166
Logistic Reg,saved,12.148199952207506,0.3386000171303749,12.48679996933788
Logistic Reg,saved,12.217700015753508,0.8161000441759825,13.03380005992949
Logistic Reg,saved,13.602100079879165,0.4035999299958348,14.005700009875
Logistic Reg,saved,11.768099968321621,0.3299000672996044,12.098000035621226
Logistic Reg,saved,10.732599999755621,0.30229997355490923,11.03489997331053
Logistic Reg,saved,13.478999957442284,0.3510999958962202,13.830099953338504
Logistic Reg,saved,12.106599984690547,0.35039999056607485,12.456999975256622
Logistic Reg,saved,10.391699965111911,0.3081000177189708,10.699799982830882
Logistic Reg,saved,11.007099994458258,0.4163000266999006,11.423400021158159
Logistic Reg,saved,11.148100020363927,0.6954999407753348,11.843599961139262
Logistic Reg,saved,11.721799965016544,0.3100000321865082,12.031799997203052
Logistic Reg,saved,11.355299968272448,0.39980001747608185,11.75509998574853
Logistic Reg,saved,11.522599961608648,0.3298000665381551,11.852400028146803
Logistic Reg,saved,10.6114000082016,0.3370000049471855,10.948400013148785
Logistic Reg,saved,10.12990006711334,0.2562999725341797,10.38620003964752
Logistic Reg,saved,12.446500011719763,0.3130999393761158,12.759599951095879
Logistic Reg,saved,12.958500068634748,0.572799937799573,13.531300006434321
Logistic Reg,saved,13.708799961023033,0.35470002330839634,14.063499984331429
Logistic Reg,saved,10.20809996407479,0.2992000663653016,10.507300030440092
Logistic Reg,saved,10.314400075003505,0.34120003692805767,10.655600111931562
Logistic Reg,saved,12.29890005197376,0.28229993768036366,12.581199989654124
Logistic Reg,saved,11.627600062638521,0.5419999361038208,12.169599998742342
Logistic Reg,saved,12.495400034822524,0.24399999529123306,12.739400030113757
Logistic Reg,saved,10.08809998165816,0.3836000105366111,10.471699992194772
Logistic Reg,saved,11.299600009806454,0.30700000934302807,11.606600019149482
Logistic Reg,saved,10.254600085318089,0.305800000205636,10.560400085523725
Logistic Reg,saved,11.75489998422563,0.32220000866800547,12.077099992893636
Logistic Reg,saved,12.207799940370023,0.319099985063076,12.5268999254331
Logistic Reg,saved,10.811600019223988,0.3369000041857362,11.148500023409724
Logistic Reg,saved,10.231200023554265,0.3192999865859747,10.55050001014024
Logistic Reg,saved,10.337499901652336,0.30340009834617376,10.64089999999851
Logistic Reg,saved,10.836600093171,0.3208999987691641,11.157500091940165
Logistic Reg,saved,11.406199890188873,0.4311000229790807,11.837299913167953
Logistic Reg,saved,10.100100073032081,0.2543999580666423,10.354500031098723
Logistic Reg,saved,10.402899933978915,0.2932000206783414,10.696099954657257
Logistic Reg,saved,10.174600058235228,0.4099999787285924,10.58460003696382
Logistic Reg,saved,10.154999908991158,0.30310009606182575,10.458100005052984
Logistic Reg,saved,10.863700066693127,0.26899995282292366,11.13270001951605
Logistic Reg,saved,10.501099983230233,0.48290006816387177,10.984000051394105
Logistic Reg,saved,12.436999939382076,0.3341999836266041,12.77119992300868
Logistic Reg,saved,12.332200072705746,0.4862999776378274,12.818500050343573
Logistic Reg,saved,15.321299899369478,0.6065000779926777,15.927799977362156
Logistic Reg,saved,16.871600062586367,0.6126000080257654,17.484200070612133
Logistic Reg,saved,12.195100076496601,0.3056999994441867,12.500800075940788
Logistic Reg,saved,11.434599990025163,0.3002999583259225,11.734899948351085
Logistic Reg,saved,11.170699959620833,0.33519999124109745,11.50589995086193
Logistic Reg,saved,10.15650003682822,0.2753000007942319,10.431800037622452
Logistic Reg,saved,11.28819992300123,0.2839000662788749,11.572099989280105
Logistic Reg,saved,10.68820001091808,0.30590000096708536,10.994100011885166
Logistic Reg,saved,9.943499928340316,0.2509000478312373,10.194399976171553
Logistic Reg,saved,10.019099921919405,0.26970007456839085,10.288799996487796
Logistic Reg,saved,9.978299960494041,0.31100003980100155,10.289300000295043
Logistic Reg,saved,10.229200008325279,0.3021000884473324,10.531300096772611
Logistic Reg,saved,10.403200052678585,0.23390003480017185,10.637100087478757
Logistic Reg,saved,10.454999981448054,0.39840000681579113,10.853399988263845
Logistic Reg,saved,10.15190000180155,0.3007999621331692,10.45269996393472
Logistic Reg,saved,12.728499947115779,0.3034999826923013,13.03199992980808
Logistic Reg,saved,11.850500013679266,0.5092000355944037,12.35970004927367
Logistic Reg,saved,11.562899919226766,0.30720001086592674,11.870099930092692
Logistic Reg,saved,12.03660003375262,0.39579998701810837,12.432400020770729
Logistic Reg,saved,13.481699978001416,0.3109000390395522,13.792600017040968
Logistic Reg,saved,14.894199906848371,0.3111000405624509,15.205299947410822
Logistic Reg,saved,12.856099987402558,0.4520999500527978,13.308199937455356
Logistic Reg,saved,10.986600071191788,0.3926999634131789,11.379300034604967
Logistic Reg,saved,10.625299997627735,0.43429993093013763,11.059599928557873
Logistic Reg,saved,19.12020007148385,0.3524000057950616,19.472600077278912
Logistic Reg,saved,15.781999914906919,0.5289000691846013,16.31089998409152
Logistic Reg,saved,13.954399968497455,0.3056999994441867,14.260099967941642
Logistic Reg,saved,12.004899908788502,0.3205999964848161,12.325499905273318
Logistic Reg,saved,11.571100098080933,0.36419997923076153,11.935300077311695
Logistic Reg,saved,10.191399953328073,0.31409994699060917,10.505499900318682
Logistic Reg,saved,12.235800037160516,0.3018999705091119,12.537700007669628
Logistic Reg,saved,10.876800050027668,0.3475999692454934,11.224400019273162
Logistic Reg,saved,11.535499943420291,0.3033000975847244,11.838800041005015
Logistic Reg,saved,11.283400002866983,0.32670004293322563,11.610100045800209
Logistic Reg,saved,10.61440003104508,0.39279996417462826,11.007199995219707
Logistic Reg,saved,10.511699947528541,0.3021999727934599,10.813899920322001
Logistic Reg,saved,10.123700019903481,0.2452000044286251,10.368900024332106
Logistic Reg,saved,11.18439994752407,0.304899993352592,11.489299940876663
Logistic Reg,saved,9.89109999500215,0.3062000032514334,10.197299998253584
Logistic Reg,saved,10.24069997947663,0.29440002981573343,10.535100009292364
Logistic Reg,saved,10.285399970598519,0.2305000089108944,10.515899979509413
Logistic Reg,saved,10.131299961358309,0.2843000693246722,10.415600030682981
Logistic Reg,saved,11.883899918757379,0.29230001382529736,12.176199932582676
Logistic Reg,saved,10.165699990466237,0.2835000632330775,10.449200053699315
Logistic Reg,saved,10.078299907036126,0.29800005722790956,10.376299964264035
Logistic Reg,saved,10.780599899590015,0.3037001006305218,11.084300000220537
Logistic Reg,saved,10.230999905616045,0.250800047069788,10.481799952685833
Logistic Reg,saved,10.389599949121475,0.40790007915347815,10.797500028274953
Logistic Reg,saved,11.200300068594515,0.33519999124109745,11.535500059835613
Logistic Reg,saved,10.927499970421195,0.26350002735853195,11.190999997779727
Logistic Reg,saved,11.15329994354397,0.4851999692618847,11.638499912805855
Logistic Reg,saved,11.09450007788837,0.3491999814286828,11.443700059317052
Logistic Reg,saved,12.572499923408031,0.29610004276037216,12.868599966168404
Logistic Reg,saved,12.029399978928268,0.3638999769464135,12.393299955874681
Logistic Reg,saved,13.770799967460334,0.416700029745698,14.187499997206032
Logistic Reg,saved,11.643099947832525,0.33430010080337524,11.9774000486359
Logistic Reg,saved,10.731599992141128,0.3033000975847244,11.034900089725852
Logistic Reg,saved,12.104899971745908,0.3146999515593052,12.419599923305213
Logistic Reg,saved,11.364700039848685,0.26439991779625416,11.62909995764494
Logistic Reg,saved,10.858600027859211,0.37839997094124556,11.236999998800457
Logistic Reg,saved,11.166000040248036,0.6491999374702573,11.815199977718294
Logistic Reg,saved,13.678100076504052,0.3179999766871333,13.996100053191185
Logistic Reg,saved,12.437199940904975,0.2607000060379505,12.697899946942925
Logistic Reg,saved,12.126700021326542,0.30890002381056547,12.435600045137107
Logistic Reg,saved,11.709299986250699,0.3968999953940511,12.10619998164475
Logistic Reg,saved,10.46139991376549,0.25150005239993334,10.712899966165423
Logistic Reg,saved,10.626700008288026,0.296599930152297,10.923299938440323
Logistic Reg,saved,11.168200056999922,0.44350000098347664,11.611700057983398
Logistic Reg,saved,13.174100080505013,0.42079994454979897,13.594900025054812
Logistic Reg,saved,11.36550004594028,0.25969999842345715,11.625200044363737
Logistic Reg,saved,13.075399911031127,0.3173000877723098,13.392699998803437
Logistic Reg,saved,12.42469996213913,0.3501999890431762,12.774899951182306
Extra Trees,saved,12.22449995111674,35.1152999792248,47.33979993034154
Extra Trees,saved,11.947100050747395,33.22609991300851,45.173199963755906
Extra Trees,saved,11.228800052776933,33.0599999288097,44.288799981586635
Extra Trees,saved,12.299200054258108,32.26879995781928,44.56800001207739
Extra Trees,saved,12.243699980899692,47.40509996190667,59.64879994280636
Extra Trees,saved,15.308200032450259,47.73330001626164,63.041500048711896
Extra Trees,saved,13.191300095058978,33.557399990968406,46.748700086027384
Extra Trees,saved,11.07960008084774,35.75669997371733,46.83630005456507
Extra Trees,saved,11.009500012733042,33.48409989848733,44.49359991122037
Extra Trees,saved,14.366699964739382,33.96420006174594,48.330900026485324
Extra Trees,saved,12.441600090824068,34.1846999945119,46.62630008533597
Extra Trees,saved,11.06759998947382,30.02040006686002,41.08800005633384
Extra Trees,saved,12.886499986052513,32.902900013141334,45.78939999919385
Extra Trees,saved,11.238200007937849,30.316999997012317,41.555200004950166
Extra Trees,saved,13.21910007391125,32.10349997971207,45.32260005362332
Extra Trees,saved,13.58810008969158,32.238699961453676,45.826800051145256
Extra Trees,saved,11.466800002381206,29.994499986059964,41.46129998844117
Extra Trees,saved,11.744299903512001,31.51690005324781,43.26119995675981
Extra Trees,saved,16.722199972718954,48.13819995615631,64.86039992887527
Extra Trees,saved,26.29529999103397,62.102199997752905,88.39749998878688
Extra Trees,saved,12.833400047384202,44.22249994240701,57.055899989791214
Extra Trees,saved,11.301000020466745,30.284699983894825,41.58570000436157
Extra Trees,saved,11.368599953129888,33.288000035099685,44.65659998822957
Extra Trees,saved,14.647500007413328,58.14910004846752,72.79660005588084
Extra Trees,saved,18.279199954122305,49.553200020454824,67.83239997457713
Extra Trees,saved,13.242699904367328,31.313100014813244,44.55579991918057
Extra Trees,saved,11.094200075604022,33.06479996535927,44.15900004096329
Extra Trees,saved,10.875699925236404,31.058000051416457,41.93369997665286
Extra Trees,saved,12.644700007513165,31.170900096185505,43.81560010369867
Extra Trees,saved,10.637100087478757,28.60389999113977,39.24100007861853
Extra Trees,saved,12.263699900358915,29.28690006956458,41.550599969923496
Extra Trees,saved,12.08219991531223,29.739100020378828,41.82129993569106
Extra Trees,saved,16.15509996190667,33.29000005032867,49.44510001223534
Extra Trees,saved,11.47370005492121,30.61569994315505,42.08939999807626
Extra Trees,saved,14.113000012002885,32.533999998122454,46.64700001012534
Extra Trees,saved,10.909599950537086,32.81210002023727,43.72169997077435
Extra Trees,saved,11.281799990683794,41.17690003477037,52.45870002545416
Extra Trees,saved,13.583300053142011,31.7209999775514,45.30430003069341
Extra Trees,saved,11.801299988292158,43.048899970017374,54.85019995830953
Extra Trees,saved,12.733999988995492,42.12690005078912,54.86090003978461
Extra Trees,saved,10.871400008909404,30.00969998538494,40.881099994294345
Extra Trees,saved,11.807200033217669,36.502699949778616,48.309899982996285
Extra Trees,saved,11.729100020602345,31.46650001872331,43.195600039325655
Extra Trees,saved,11.930599925108254,33.53590006008744,45.466499985195696
Extra Trees,saved,12.757799937389791,31.71360003761947,44.47139997500926
Extra Trees,saved,13.791100005619228,31.250600004568696,45.041700010187924
Extra Trees,saved,10.740900062955916,34.92419992107898,45.665099984034896
Extra Trees,saved,12.112800031900406,30.895499978214502,43.00830001011491
Extra Trees,saved,12.721500010229647,34.59359996486455,47.3150999750942
Extra Trees,saved,12.610199977643788,32.50199998728931,45.1121999649331
Extra Trees,saved,11.340999975800514,31.690599978901446,43.03159995470196
Extra Trees,saved,12.504999991506338,29.67519999947399,42.18019999098033
Extra Trees,saved,11.145099997520447,31.73040004912764,42.875500046648085
Extra Trees,saved,12.06480001565069,32.16020006220788,44.22500007785857
Extra Trees,saved,11.610299930907786,31.61730000283569,43.22759993374348
Extra Trees,saved,12.302799965254962,31.604500021785498,43.90729998704046
Extra Trees,saved,11.02149998769164,31.744100037030876,42.76560002472252
Extra Trees,saved,13.216800056397915,72.8320999769494,86.04890003334731
Extra Trees,saved,12.095400015823543,33.10829994734377,45.20369996316731
Extra Trees,saved,11.492400080896914,31.58199996687472,43.07440004777163
Extra Trees,saved,10.598499909974635,32.218600041233,42.81709995120764
Extra Trees,saved,14.499099925160408,35.892700077965856,50.391800003126264
Extra Trees,saved,11.720600072294474,32.312999945133924,44.0336000174284
Extra Trees,saved,12.46919995173812,31.485200044699013,43.95439999643713
Extra Trees,saved,11.343299993313849,31.216199975460768,42.55949996877462
Extra Trees,saved,11.247199960052967,31.131900032050908,42.379099992103875
Extra Trees,saved,11.053900001570582,32.2663999395445,43.32029994111508
Extra Trees,saved,13.966299942694604,32.485000090673566,46.45130003336817
Extra Trees,saved,14.740300015546381,30.499399988912046,45.23970000445843
Extra Trees,saved,13.1686000386253,30.518700019456446,43.687300058081746
Extra Trees,saved,12.190900044515729,34.15839991066605,46.34929995518178
Extra Trees,saved,10.981100029312074,31.819500029087067,42.80060005839914
Extra Trees,saved,13.778200023807585,30.965100042521954,44.74330006632954
Extra Trees,saved,12.62640010099858,31.179599929600954,43.806000030599535
Extra Trees,saved,13.317900011315942,30.228400020860136,43.54630003217608
Extra Trees,saved,12.139800004661083,32.28959999978542,44.42940000444651
Extra Trees,saved,11.052099987864494,31.84389998205006,42.895999969914556
Extra Trees,saved,10.929399984888732,30.176899977959692,41.106299962848425
Extra Trees,saved,13.951199944131076,30.785800074227154,44.73700001835823
Extra Trees,saved,11.757499887607992,40.54270009510219,52.30019998271018
Extra Trees,saved,16.23850001487881,38.76859997399151,55.00709998887032
Extra Trees,saved,11.430799961090088,31.343100010417402,42.77389997150749
Extra Trees,saved,10.562899988144636,30.16269998624921,40.725599974393845
Extra Trees,saved,12.070300057530403,31.392499920912087,43.46279997844249
Extra Trees,saved,10.632500052452087,30.296599958091974,40.92910001054406
Extra Trees,saved,12.38169998396188,31.240000040270388,43.62170002423227
Extra Trees,saved,12.902200105600059,33.55339996051043,46.45560006611049
Extra Trees,saved,10.831499937921762,31.428500078618526,42.26000001654029
Extra Trees,saved,13.501200010068715,32.502599991858006,46.00380000192672
Extra Trees,saved,12.146399938501418,31.74180001951754,43.88819995801896
Extra Trees,saved,13.440700015053153,29.830100014805794,43.27080002985895
Extra Trees,saved,14.831200009211898,30.092300032265484,44.92350004147738
Extra Trees,saved,12.375099933706224,30.964900040999055,43.33999997470528
Extra Trees,saved,13.36420001462102,32.9550999449566,46.31929995957762
Extra Trees,saved,12.211499968543649,32.9941000090912,45.20559997763485
Extra Trees,saved,14.537199982441962,32.15839993208647,46.69559991452843
Extra Trees,saved,13.222299981862307,33.396200044080615,46.61850002594292
Extra Trees,saved,13.594099902547896,32.0708000799641,45.664899982512
Extra Trees,saved,16.260200063697994,33.82439992856234,50.08459999226034
Extra Trees,saved,13.283799984492362,34.449400031007826,47.73320001550019
Extra Trees,saved,13.527899980545044,34.58390000741929,48.11179998796433
Extra Trees,saved,13.542399974539876,33.587399986572564,47.12979996111244
Extra Trees,saved,17.275999998673797,37.02329995576292,54.29929995443672
Extra Trees,saved,14.42469994071871,31.971200020052493,46.3958999607712
Extra Trees,saved,18.123400048352778,32.109699910506606,50.233099958859384
Extra Trees,saved,14.952099998481572,37.64940006658435,52.60150006506592
Extra Trees,saved,15.082200057804585,34.197699977084994,49.27990003488958
Extra Trees,saved,16.402500099502504,35.870299907401204,52.27280000690371
Extra Trees,saved,15.624699997715652,33.06100005283952,48.68570005055517
Extra Trees,saved,21.807000041007996,47.09620005451143,68.90320009551942
Extra Trees,saved,17.160700052045286,33.08470000047237,50.24540005251765
Extra Trees,saved,20.74820001143962,49.929299973882735,70.67749998532236
Extra Trees,saved,19.980599987320602,47.36989992670715,67.35049991402775
Extra Trees,saved,17.35870004631579,45.960300019942224,63.31900006625801
Extra Trees,saved,20.980500034056604,35.031800041906536,56.01230007596314
Extra Trees,saved,19.470300059765577,34.23799993470311,53.70829999446869
Extra Trees,saved,19.802700029686093,34.36839999631047,54.171100025996566
Extra Trees,saved,16.90359995700419,34.37520004808903,51.27880000509322
Extra Trees,saved,16.896499902941287,48.06780000217259,64.96429990511388
Extra Trees,saved,18.02379998844117,45.536500052548945,63.560300040990114
Extra Trees,saved,19.446599995717406,47.85549989901483,67.30209989473224
Extra Trees,saved,19.08019999973476,47.704200027510524,66.78440002724528
Extra Trees,saved,21.571699995547533,50.961899920366704,72.53359991591424
Extra Trees,saved,18.94660003017634,45.72219995316118,64.66879998333752
Extra Trees,saved,19.650900037959218,32.455099979415536,52.106000017374754
Extra Trees,saved,19.627099973149598,45.86439998820424,65.49149996135384
Extra Trees,saved,17.269999952986836,46.63380002602935,63.903799979016185
Extra Trees,saved,17.898099962621927,46.31350003182888,64.21159999445081
Extra Trees,saved,21.23859990388155,44.95020001195371,66.18879991583526
Extra Trees,saved,19.332899944856763,32.71790000144392,52.050799946300685
Extra Trees,saved,17.133999965153635,51.073200069367886,68.20720003452152
Extra Trees,saved,25.89079993776977,36.89520002808422,62.78599996585399
Extra Trees,saved,17.99870003014803,33.95840001758188,51.95710004772991
Extra Trees,saved,17.54210004583001,34.1968999709934,51.73900001682341
Extra Trees,saved,17.065600026398897,47.117099980823696,64.18270000722259
Extra Trees,saved,19.4709999486804,36.77000000607222,56.240999954752624
Extra Trees,saved,17.765299999155104,46.841499977745116,64.60679997690022
Extra Trees,saved,17.1865999000147,47.06580005586147,64.25239995587617
Extra Trees,saved,19.765299977734685,44.74990000016987,64.51519997790456
Extra Trees,saved,19.150699954479933,33.39080000296235,52.541499957442284
Extra Trees,saved,24.44369997829199,49.761999980546534,74.20569995883852
Extra Trees,saved,17.883999971672893,59.47129998821765,77.35529995989054
Extra Trees,saved,31.85429994482547,68.53409996256232,100.3883999073878
Extra Trees,saved,35.87150003295392,60.93429995235056,96.80579998530447
Extra Trees,saved,30.570699949748814,32.43140003178269,63.0020999815315
Extra Trees,saved,19.304499961435795,50.342800095677376,69.64730005711317
Extra Trees,saved,18.52429995778948,60.383600066415966,78.90790002420545
Extra Trees,saved,18.32869998179376,46.280200011096895,64.60889999289066
Extra Trees,saved,18.02540000062436,45.75910000130534,63.7845000019297
Extra Trees,saved,17.80419994611293,44.79519999586046,62.59939994197339
Extra Trees,saved,18.69489997625351,37.71529998630285,56.41019996255636
Extra Trees,saved,16.92299998831004,38.934500073082745,55.857500061392784
Extra Trees,saved,19.022700027562678,34.90249998867512,53.925200016237795
Extra Trees,saved,21.11009997315705,37.25050005596131,58.36060002911836
Extra Trees,saved,19.94690007995814,50.03839998971671,69.98530006967485
Extra Trees,saved,20.66849998664111,101.16010007914156,121.82860006578267
Extra Trees,saved,17.773200059309602,49.2769000120461,67.0501000713557
Extra Trees,saved,18.124999944120646,44.520099996589124,62.64509994070977
Extra Trees,saved,18.536999938078225,45.87090003769845,64.40789997577667
Extra Trees,saved,18.868000013753772,32.994700013659894,51.862700027413666
Extra Trees,saved,18.28180009033531,48.583999974653125,66.86580006498843
Extra Trees,saved,21.286999923177063,48.97630005143583,70.26329997461289
Extra Trees,saved,19.917499972507358,44.46749994531274,64.3849999178201
Extra Trees,saved,19.738600007258356,34.96910003013909,54.707700037397444
Extra Trees,saved,16.962000052444637,35.038999980315566,52.0010000327602
Extra Trees,saved,18.897200003266335,31.290699960663915,50.18789996393025
Extra Trees,saved,17.521100002340972,43.9016999443993,61.42279994674027
Extra Trees,saved,18.836400005966425,44.57889997866005,63.41529998462647
Extra Trees,saved,18.867500009946525,33.77720003481954,52.64470004476607
Extra Trees,saved,17.47540000360459,46.458100085146725,63.933500088751316
Extra Trees,saved,17.58210000116378,35.64960008952767,53.23170009069145
Extra Trees,saved,17.71580008789897,34.25419994164258,51.97000002954155
Extra Trees,saved,18.635199987329543,44.86160003580153,63.49680002313107
Extra Trees,saved,20.406899973750114,33.38599996641278,53.7928999401629
Extra Trees,saved,20.48469998408109,34.117900067940354,54.602600052021444
Extra Trees,saved,22.686000098474324,46.500599943101406,69.18660004157573
Extra Trees,saved,21.24179992824793,35.44490004424006,56.686699972487986
Extra Trees,saved,18.737199949100614,46.231199987232685,64.9683999363333
Extra Trees,saved,19.015199970453978,39.13060005288571,58.14580002333969
Extra Trees,saved,18.190499977208674,69.94219997432083,88.1326999515295
Extra Trees,saved,28.02630001679063,53.128100000321865,81.1544000171125
Extra Trees,saved,17.44920003693551,35.36320000421256,52.81240004114807
Extra Trees,saved,17.390099936164916,34.10549997352064,51.49559990968555
Extra Trees,saved,18.426200025714934,49.27339998539537,67.6996000111103
Extra Trees,saved,18.761100014671683,49.25249994266778,68.01359995733947
Extra Trees,saved,17.89779996033758,37.04650001600385,54.944299976341426
Extra Trees,saved,18.72469997033477,38.044100045226514,56.76880001556128
Extra Trees,saved,19.135999958962202,48.85120003018528,67.98719998914748
Extra Trees,saved,18.474500044248998,47.79909993521869,66.27359997946769
Extra Trees,saved,18.977000028826296,36.177400033921,55.1544000627473
Extra Trees,saved,18.507599947042763,46.33549996651709,64.84309991355985
Extra Trees,saved,22.548199980519712,43.299200013279915,65.84739999379963
Extra Trees,saved,19.57340002991259,33.366400049999356,52.93980007991195
Extra Trees,saved,20.21680003963411,39.04569998849183,59.26250002812594
Extra Trees,saved,18.218299956060946,43.69080008473247,61.90910004079342
Extra Trees,saved,20.483899977989495,44.29370001889765,64.77759999688715
Extra Trees,saved,19.2061000270769,49.071599962189794,68.2776999892667
Extra Trees,saved,19.529499928466976,36.56929999124259,56.09879991970956
Extra Trees,saved,19.06810002401471,45.04390002693981,64.11200005095452
Extra Trees,saved,19.378099939785898,44.10850000567734,63.48659994546324
Gradient Boosting,saved,10.048000025562942,0.32840005587786436,10.376400081440806
Gradient Boosting,saved,9.970300015993416,0.3530000103637576,10.323300026357174
Gradient Boosting,saved,10.088899987749755,0.37620007060468197,10.465100058354437
Gradient Boosting,saved,9.89560002926737,0.3434000536799431,10.239000082947314
Gradient Boosting,saved,11.840999941341579,0.3377000102773309,12.17869995161891
Gradient Boosting,saved,9.945299942046404,0.3776000812649727,10.322900023311377
Gradient Boosting,saved,9.837999939918518,0.33459998667240143,10.17259992659092
Gradient Boosting,saved,10.547699988819659,0.31809997744858265,10.865799966268241
Gradient Boosting,saved,11.477100080810487,0.572799937799573,12.04990001861006
Gradient Boosting,saved,9.857999975793064,0.3355999942868948,10.193599970079958
Gradient Boosting,saved,10.50009997561574,0.3290000604465604,10.8291000360623
Gradient Boosting,saved,10.549500002525747,0.40849996730685234,10.9579999698326
Gradient Boosting,saved,9.689799975603819,0.37839997094124556,10.068199946545064
Gradient Boosting,saved,10.1906000636518,0.3797999816015363,10.570400045253336
Gradient Boosting,saved,10.620699962601066,0.36149995867162943,10.982199921272695
Gradient Boosting,saved,10.253300075419247,0.3983998904004693,10.651699965819716
Gradient Boosting,saved,10.07940003182739,0.3527000080794096,10.4321000399068
Gradient Boosting,saved,10.888000018894672,0.5564999300986528,11.444499948993325
Gradient Boosting,saved,14.560400042682886,0.5365000106394291,15.096900053322315
Gradient Boosting,saved,10.668199975043535,0.3364000003784895,11.004599975422025
Gradient Boosting,saved,10.758499964140356,0.3798999823629856,11.138399946503341
Gradient Boosting,saved,11.788300005719066,0.49400003626942635,12.282300041988492
Gradient Boosting,saved,16.486300039105117,0.5374000174924731,17.02370005659759
Gradient Boosting,saved,15.760399983264506,0.5536000244319439,16.31400000769645
Gradient Boosting,saved,14.440799946896732,0.47560001257807016,14.916399959474802
Gradient Boosting,saved,18.051399965770543,0.7434999570250511,18.794899922795594
Gradient Boosting,saved,15.9908999921754,0.5054000066593289,16.49629999883473
Gradient Boosting,saved,11.219099978916347,0.37999998312443495,11.599099962040782
Gradient Boosting,saved,10.97429997753352,0.3559000324457884,11.330200009979308
Gradient Boosting,saved,9.886099956929684,0.35230000503361225,10.238399961963296
Gradient Boosting,saved,10.3268000530079,0.4466000245884061,10.773400077596307
Gradient Boosting,saved,11.025600018911064,0.3877000417560339,11.413300060667098
Gradient Boosting,saved,10.590899968519807,0.6671999581158161,11.258099926635623
Gradient Boosting,saved,10.878700064495206,0.37269992753863335,11.25139999203384
Gradient Boosting,saved,10.45719999819994,0.3782999701797962,10.835499968379736
Gradient Boosting,saved,10.266400058753788,0.4149000160396099,10.681300074793398
Gradient Boosting,saved,10.206000064499676,0.38029998540878296,10.58630004990846
Gradient Boosting,saved,10.062800021842122,0.385599909350276,10.448399931192398
Gradient Boosting,saved,9.915300062857568,0.4705999745056033,10.385900037363172
Gradient Boosting,saved,10.090099996887147,0.36259996704757214,10.45269996393472
Gradient Boosting,saved,9.946600068360567,0.3347999881953001,10.281400056555867
Gradient Boosting,saved,10.018400033004582,0.3693000180646777,10.38770005106926
Gradient Boosting,saved,10.102199972607195,0.3464999608695507,10.448699933476746
Gradient Boosting,saved,10.01730002462864,0.3893000539392233,10.406600078567863
Gradient Boosting,saved,9.925999911502004,0.32750004902482033,10.253499960526824
Gradient Boosting,saved,10.449799941852689,0.38790004327893257,10.837699985131621
Gradient Boosting,saved,11.076099937781692,0.33210008405148983,11.408200021833181
Gradient Boosting,saved,10.692000039853156,1.1141999857500196,11.806200025603175
Gradient Boosting,saved,13.698099995963275,0.5445999559015036,14.242699951864779
Gradient Boosting,saved,11.700000031851232,0.3720999229699373,12.07209995482117
Gradient Boosting,saved,10.446300031617284,0.32919994555413723,10.775499977171421
Gradient Boosting,saved,10.444200015626848,0.37560006603598595,10.819800081662834
Gradient Boosting,saved,10.003500035963953,0.3621999640017748,10.365699999965727
Gradient Boosting,saved,10.056800092570484,0.3833998925983906,10.440199985168874
Gradient Boosting,saved,10.399800026789308,0.5055000074207783,10.905300034210086
Gradient Boosting,saved,12.124900007620454,0.4224999574944377,12.547399965114892
Gradient Boosting,saved,9.87629999872297,0.36720000207424164,10.243500000797212
Gradient Boosting,saved,11.273699929006398,0.3559000324457884,11.629599961452186
Gradient Boosting,saved,9.788700030185282,0.31189993023872375,10.100599960424006
Gradient Boosting,saved,10.077400016598403,0.36700000055134296,10.444400017149746
Gradient Boosting,saved,9.8987000528723,0.367900007404387,10.266600060276687
Gradient Boosting,saved,9.751600096933544,0.323499902151525,10.075099999085069
Gradient Boosting,saved,9.958100039511919,0.32240001019090414,10.280500049702823
Gradient Boosting,saved,9.983500000089407,0.3968999953940511,10.380399995483458
Gradient Boosting,saved,10.638399980962276,0.3522000042721629,10.99059998523444
Gradient Boosting,saved,10.108499904163182,0.3146000672131777,10.42309997137636
Gradient Boosting,saved,10.275200009346008,0.40469993837177753,10.679899947717786
Gradient Boosting,saved,10.238399961963296,0.37100003100931644,10.609399992972612
Gradient Boosting,saved,10.653799981810153,0.3229000139981508,10.976699995808303
Gradient Boosting,saved,9.96509997639805,0.3703000256791711,10.335400002077222
Gradient Boosting,saved,9.823499945923686,0.33870001789182425,10.16219996381551
Gradient Boosting,saved,10.893799946643412,0.3712000325322151,11.264999979175627
Gradient Boosting,saved,10.371100041083992,0.6443999009206891,11.01549994200468
Gradient Boosting,saved,14.744300046004355,0.6881000008434057,15.43240004684776
Gradient Boosting,saved,14.226800063624978,0.5715000443160534,14.798300107941031
Gradient Boosting,saved,12.402000022120774,0.38300000596791506,12.785000028088689
Gradient Boosting,saved,12.413199990987778,0.4518999485298991,12.865099939517677
Gradient Boosting,saved,11.266599991358817,0.4400999750941992,11.706699966453016
Gradient Boosting,saved,10.655399993993342,0.46500004827976227,11.120400042273104
Gradient Boosting,saved,10.193899972364306,0.3635999746620655,10.557499947026372
Gradient Boosting,saved,10.010799975134432,0.31240005046129227,10.323200025595725
Gradient Boosting,saved,11.567099951207638,0.4564999835565686,12.023599934764206
Gradient Boosting,saved,10.29730006121099,0.37789996713399887,10.675200028344989
Gradient Boosting,saved,11.026599910110235,0.3719000378623605,11.398499947972596
Gradient Boosting,saved,11.552599957212806,0.5226000212132931,12.075199978426099
Gradient Boosting,saved,10.361899971030653,0.44109998270869255,10.802999953739345
Gradient Boosting,saved,10.052100056782365,0.38380001205950975,10.435900068841875
Gradient Boosting,saved,10.289500001817942,0.3891999367624521,10.678699938580394
Gradient Boosting,saved,10.129899950698018,0.4846000811085105,10.614500031806529
Gradient Boosting,saved,10.289099998772144,0.36259996704757214,10.651699965819716
Gradient Boosting,saved,10.162599966861308,0.37489994429051876,10.537499911151826
Gradient Boosting,saved,10.136900003999472,0.44710002839565277,10.584000032395124
Gradient Boosting,saved,11.013799929060042,0.390100060030818,11.40389998909086
Gradient Boosting,saved,10.463199927471578,0.3165000816807151,10.779700009152293
Gradient Boosting,saved,10.21430001128465,0.41550002060830593,10.629800031892955
Gradient Boosting,saved,9.755200007930398,0.38540002424269915,10.140600032173097
Gradient Boosting,saved,11.6468999767676,0.3695000195875764,12.016399996355176
Gradient Boosting,saved,10.0938999094069,0.5662000039592385,10.660099913366139
Gradient Boosting,saved,10.039799963124096,0.38029998540878296,10.42009994853288
Gradient Boosting,saved,10.052100056782365,0.33569999504834414,10.387800051830709
Gradient Boosting,saved,10.637299972586334,0.390100060030818,11.027400032617152
Gradient Boosting,saved,9.798999992199242,0.3568000392988324,10.155800031498075
Gradient Boosting,saved,9.99169994611293,0.38700003642588854,10.37869998253882
Gradient Boosting,saved,10.039599961601198,0.38059998769313097,10.420199949294329
Gradient Boosting,saved,9.78459999896586,0.31969998963177204,10.104299988597631
Gradient Boosting,saved,10.512300068512559,0.38299988955259323,10.895299958065152
Gradient Boosting,saved,9.83490003272891,0.4067999543622136,10.241699987091124
Gradient Boosting,saved,9.964900091290474,0.3538999008014798,10.318799992091954
Gradient Boosting,saved,9.925600024871528,0.33920002169907093,10.264800046570599
Gradient Boosting,saved,9.81119996868074,0.367300002835691,10.17849997151643
Gradient Boosting,saved,10.7282999670133,0.37779996637254953,11.106099933385849
Gradient Boosting,saved,10.417700046673417,0.35119999665766954,10.768900043331087
Gradient Boosting,saved,10.706899920478463,0.45760010834783316,11.164500028826296
Gradient Boosting,saved,10.826500016264617,0.3784999717026949,11.204999987967312
Gradient Boosting,saved,12.06330000422895,0.36539998836815357,12.428699992597103
Gradient Boosting,saved,12.787700048647821,0.5805999971926212,13.368300045840442
Gradient Boosting,saved,11.41109992749989,0.6572999991476536,12.068399926647544
Gradient Boosting,saved,12.336199986748397,0.3725000424310565,12.708700029179454
Gradient Boosting,saved,10.052799945697188,0.34650007728487253,10.399300022982061
Gradient Boosting,saved,9.98750003054738,0.3746000584214926,10.362100088968873
Gradient Boosting,saved,9.919099975377321,0.38929993752390146,10.308399912901223
Gradient Boosting,saved,10.070100077427924,0.3741999389603734,10.444300016388297
Gradient Boosting,saved,10.117099969647825,0.3793999785557389,10.496499948203564
Gradient Boosting,saved,9.953000000678003,0.36399997770786285,10.316999978385866
Gradient Boosting,saved,10.033200029283762,0.3695000195875764,10.402700048871338
Gradient Boosting,saved,10.155300027690828,0.40529994294047356,10.560599970631301
Gradient Boosting,saved,9.908200008794665,0.3229000139981508,10.231100022792816
Gradient Boosting,saved,11.551799951121211,0.5831000162288547,12.134899967350066
Gradient Boosting,saved,10.480099939741194,0.4841000773012638,10.964200017042458
Gradient Boosting,saved,10.11360005941242,0.3568999236449599,10.47049998305738
Gradient Boosting,saved,10.585100040771067,0.33920002169907093,10.924300062470138
Gradient Boosting,saved,10.533799999393523,0.42319996282458305,10.956999962218106
Gradient Boosting,saved,9.889999986626208,0.3377000102773309,10.227699996903539
Gradient Boosting,saved,10.747299995273352,0.358699937351048,11.1059999326244
Gradient Boosting,saved,10.027899988926947,0.37180003710091114,10.399700026027858
Gradient Boosting,saved,9.897899930365384,0.3662001108750701,10.264100041240454
Gradient Boosting,saved,9.982399991713464,0.32840005587786436,10.310800047591329
Gradient Boosting,saved,11.536799953319132,0.506000011228025,12.042799964547157
Gradient Boosting,saved,10.204800055362284,0.3695999039337039,10.574399959295988
Gradient Boosting,saved,10.325000039301813,0.368500011973083,10.693500051274896
Gradient Boosting,saved,10.77709998935461,0.34879997838288546,11.125899967737496
Gradient Boosting,saved,10.215200018137693,0.45769999269396067,10.672900010831654
Gradient Boosting,saved,10.394199984148145,0.33199996687471867,10.726199951022863
Gradient Boosting,saved,11.25280000269413,0.3770999610424042,11.629899963736534
Gradient Boosting,saved,10.369200026616454,0.38869993295520544,10.75789995957166
Gradient Boosting,saved,10.037300060503185,0.36129995714873075,10.398600017651916
Gradient Boosting,saved,11.157399974763393,0.3829000052064657,11.54029997996986
Gradient Boosting,saved,12.344200047664344,0.38350000977516174,12.727700057439506
Gradient Boosting,saved,10.224600089713931,0.35799993202090263,10.582600021734834
Gradient Boosting,saved,10.798300034366548,0.3565999213606119,11.15489995572716
Gradient Boosting,saved,13.675600057467818,0.43379992712289095,14.10939998459071
Gradient Boosting,saved,11.465899995528162,0.48619997687637806,11.95209997240454
Gradient Boosting,saved,11.323300073854625,0.7425999501720071,12.065900024026632
Gradient Boosting,saved,11.747299926355481,0.8423000108450651,12.589599937200546
Gradient Boosting,saved,11.371899978257716,0.33240008633583784,11.704300064593554
Gradient Boosting,saved,10.137900011613965,0.41720003355294466,10.55510004516691
Gradient Boosting,saved,9.903399972245097,0.3127000527456403,10.216100024990737
Gradient Boosting,saved,9.980599978007376,0.38599991239607334,10.36659989040345
Gradient Boosting,saved,10.874800034798682,0.3798999823629856,11.254700017161667
Gradient Boosting,saved,9.909700020216405,0.3701000241562724,10.279800044372678
Gradient Boosting,saved,10.233499924652278,0.3671000013127923,10.60059992596507
Gradient Boosting,saved,10.627400013618171,0.38320000749081373,11.010600021108985
Gradient Boosting,saved,9.874599985778332,0.3135999431833625,10.188199928961694
Gradient Boosting,saved,10.807299986481667,0.3733000485226512,11.180600035004318
Gradient Boosting,saved,10.247400030493736,0.37839997094124556,10.625800001434982
Gradient Boosting,saved,10.106400004588068,0.36399997770786285,10.47039998229593
Gradient Boosting,saved,9.97249991632998,0.3117000451311469,10.284199961461127
Gradient Boosting,saved,10.788199957460165,0.41790003888309,11.206099996343255
Gradient Boosting,saved,10.397500009275973,0.3693000180646777,10.76680002734065
Gradient Boosting,saved,10.425400105305016,0.38469990249723196,10.810100007802248
Gradient Boosting,saved,10.48390008509159,0.37139991763979197,10.855300002731383
Gradient Boosting,saved,9.943000040948391,0.3874999238178134,10.330499964766204
Gradient Boosting,saved,10.352900018915534,0.37480005994439125,10.727700078859925
Gradient Boosting,saved,10.168700013309717,0.36880001425743103,10.537500027567148
Gradient Boosting,saved,9.929100051522255,0.3189999843016267,10.248100035823882
Gradient Boosting,saved,10.86589996702969,0.37239992525428534,11.238299892283976
Gradient Boosting,saved,10.077300015836954,0.3155000740662217,10.392800089903176
Gradient Boosting,saved,9.770200005732477,0.32540003303438425,10.095600038766861
Gradient Boosting,saved,10.653799981810153,0.37949997931718826,11.03329996112734
Gradient Boosting,saved,11.08249998651445,0.3687000134959817,11.45120000001043
Gradient Boosting,saved,10.064000030979514,0.570200034417212,10.634200065396726
Gradient Boosting,saved,12.750399997457862,0.4270001081749797,13.177400105632842
Gradient Boosting,saved,12.18630000948906,0.3763000713661313,12.56260008085519
Gradient Boosting,saved,13.534099911339581,0.4151000175625086,13.94919992890209
Gradient Boosting,saved,13.077900046482682,0.4977999487891793,13.575699995271862
Gradient Boosting,saved,12.142200022935867,0.385899911634624,12.528099934570491
Gradient Boosting,saved,10.21259999834001,0.3861000295728445,10.598700027912855
Gradient Boosting,saved,11.646999977529049,0.37340004928410053,12.02040002681315
Gradient Boosting,saved,12.313899933360517,0.3793999785557389,12.693299911916256
Gradient Boosting,saved,10.921600041911006,0.37919997703284025,11.300800018943846
Gradient Boosting,saved,10.15929994173348,0.34330005291849375,10.502599994651973
Gradient Boosting,saved,10.570799931883812,0.36639999598264694,10.937199927866459
Gradient Boosting,saved,12.406400055624545,0.3825000021606684,12.788900057785213
Gradient Boosting,saved,10.138800018467009,0.3168999683111906,10.4556999867782
Gradient Boosting,saved,11.904399958439171,0.3703000256791711,12.274699984118342
Gradient Boosting,saved,11.561600025743246,0.38849993143230677,11.950099957175553
Gradient Boosting,saved,10.263800038956106,0.36880001425743103,10.632600053213537
Gradient Boosting,saved,10.316899977624416,0.41290000081062317,10.72979997843504
Gradient Boosting,saved,10.278099915012717,0.3638999769464135,10.64199989195913
Gradient Boosting,saved,12.038900051265955,0.3904999466612935,12.429399997927248
